"","Episode","Episode.1","Episode.2","Episode.3","Episode.4","Episode.5","Episode.6","Episode.7","Episode.8","Episode.9","Episode.10","Episode.11","Episode.12","Episode.13","Episode.14","Episode.15","Episode.16","Episode.17","Episode.18","Episode.19","Episode.20","Episode.21","Episode.22","Episode.23","Episode.24"
"1","62","62","62","62","62","62","62","62","62","62","62","62","62","62","62","62","62","62","62","62","62","62","62","62","62"
"2","6","6","6","6","6","6","6","6","6","6","6","6","6","6","6","6","6","6","6","6","6","6","6","6","6"
"3","11","11","11","11","11","11","11","11","11","11","11","11","11","11","11","11","11","11","11","11","11","11","11","11","11"
"4","10","10","10","10","10","10","10","10","10","10","10","10","10","10","10","10","10","10","10","10","10","10","10","10","10"
"5","5","5","5","5","5","5","5","5","5","5","5","5","5","5","5","5","5","5","5","5","5","5","5","5","5"
"6","60","60","60","60","60","60","60","60","60","60","60","60","60","60","60","60","60","60","60","60","60","60","60","60","60"
"7","62","62","62","62","62","62","62","62","62","62","62","62","62","62","62","62","62","62","62","62","62","62","62","62","62"
"8","7","7","7","7","7","7","7","7","7","7","7","7","7","7","7","7","7","7","7","7","7","7","7","7","7"
"9","86","86","86","86","86","86","86","86","86","86","86","86","86","86","86","86","86","86","86","86","86","86","86","86","86"
"10","13","13","13","13","13","13","13","13","13","13","13","13","13","13","13","13","13","13","13","13","13","13","13","13","13"
"11","13","13","13","13","13","13","13","13","13","13","13","13","13","13","13","13","13","13","13","13","13","13","13","13","13"
"12","12","12","12","12","12","12","12","12","12","12","12","12","12","12","12","12","12","12","12","12","12","12","12","12","12"
"13","74","74","74","74","74","74","74","74","74","74","74","74","74","74","74","74","74","74","74","74","74","74","74","74","74"
"14","194","194","194","194","194","194","194","194","194","194","194","194","194","194","194","194","194","194","194","194","194","194","194","194","194"
"15","26","26","26","26","26","26","26","26","26","26","26","26","26","26","26","26","26","26","26","26","26","26","26","26","26"
"16","68","68","68","68","68","68","68","68","68","68","68","68","68","68","68","68","68","68","68","68","68","68","68","68","68"
"17","78","78","78","78","78","78","78","78","78","78","78","78","78","78","78","78","78","78","78","78","78","78","78","78","78"
"18","11","11","11","11","11","11","11","11","11","11","11","11","11","11","11","11","11","11","11","11","11","11","11","11","11"
"19","10","10","10","10","10","10","10","10","10","10","10","10","10","10","10","10","10","10","10","10","10","10","10","10","10"
"20","156","156","156","156","156","156","156","156","156","156","156","156","156","156","156","156","156","156","156","156","156","156","156","156","156"
"21","10","10","10","10","10","10","10","10","10","10","10","10","10","10","10","10","10","10","10","10","10","10","10","10","10"
"22","15","15","15","15","15","15","15","15","15","15","15","15","15","15","15","15","15","15","15","15","15","15","15","15","15"
"23","98","98","98","98","98","98","98","98","98","98","98","98","98","98","98","98","98","98","98","98","98","98","98","98","98"
"24","85","85","85","85","85","85","85","85","85","85","85","85","85","85","85","85","85","85","85","85","85","85","85","85","85"
"25","18","18","18","18","18","18","18","18","18","18","18","18","18","18","18","18","18","18","18","18","18","18","18","18","18"
